{
  "dataset_id": "D3",
  "run_id": "D3_r3",
  "data_dir": "data\\user_data\\D3",
  "n_files": 835,
  "bytes_total_on_disk": 42949673035,
  "bytes_processed": 42949673035,
  "processed_gb": 40.00000006984919,
  "wall_s": 251.96464989997912,
  "t_bytes_mb_s": 162.56248679243384,
  "t_files_s": 3.3139569393225,
  "latency_p50_ms": 145.9241,
  "latency_p95_ms": 961.3453899999997,
  "latency_p99_ms": 1510.6801399999993,
  "latency_mean_ms": 270.47773724550893,
  "latency_mean_ci95_lo_ms": 242.9091785299401,
  "latency_mean_ci95_hi_ms": 305.17992154491014,
  "cpu_utilization_percent": 9.614288903072831,
  "rss_peak_mb": 26.19921875,
  "kem_failures": 0,
  "aes_failures": 0,
  "correctness_sample_n": 100,
  "correctness_sample_kem_failures": 0,
  "correctness_sample_aes_failures": 0,
  "max_bytes_per_file": 0,
  "kem_alg": "ML-KEM-1024",
  "kind_binaries_files": 153,
  "kind_binaries_bytes": 25769803776,
  "kind_binaries_throughput_mb_s": 212.35646337052682,
  "kind_other_files": 105,
  "kind_other_bytes": 8589934592,
  "kind_other_throughput_mb_s": 220.00093489655106,
  "kind_text_files": 577,
  "kind_text_bytes": 8589934667,
  "kind_text_throughput_mb_s": 112.39968248195278
}