{
  "dataset_id": "D3",
  "run_id": "D3_r2",
  "data_dir": "data\\user_data\\D3",
  "n_files": 835,
  "bytes_total_on_disk": 42949673035,
  "bytes_processed": 42949673035,
  "processed_gb": 40.00000006984919,
  "wall_s": 5242.838375499996,
  "t_bytes_mb_s": 7.812562039473384,
  "t_files_s": 0.15926487528244054,
  "latency_p50_ms": 107.83789999999999,
  "latency_p95_ms": 781.9124099999999,
  "latency_p99_ms": 1416.2265699999978,
  "latency_mean_ms": 6251.104614970059,
  "latency_mean_ci95_lo_ms": 203.73181867664672,
  "latency_mean_ci95_hi_ms": 18330.61245033833,
  "cpu_utilization_percent": 0.4315410542832595,
  "rss_peak_mb": 70.796875,
  "kem_failures": 0,
  "aes_failures": 0,
  "correctness_sample_n": 100,
  "correctness_sample_kem_failures": 0,
  "correctness_sample_aes_failures": 0,
  "max_bytes_per_file": 0,
  "kem_alg": "ML-KEM-1024",
  "kind_binaries_files": 153,
  "kind_binaries_bytes": 25769803776,
  "kind_binaries_throughput_mb_s": 4.792136447214578,
  "kind_other_files": 105,
  "kind_other_bytes": 8589934592,
  "kind_other_throughput_mb_s": 239.74012849023197,
  "kind_text_files": 577,
  "kind_text_bytes": 8589934667,
  "kind_text_throughput_mb_s": 143.46642809124992
}