{
  "dataset_id": "D3",
  "run_id": "D3_r1",
  "data_dir": "data\\user_data\\D3",
  "n_files": 835,
  "bytes_total_on_disk": 42949673035,
  "bytes_processed": 42949673035,
  "processed_gb": 40.00000006984919,
  "wall_s": 174.2979174000211,
  "t_bytes_mb_s": 234.99993965803182,
  "t_files_s": 4.790648175581121,
  "latency_p50_ms": 89.17830000000001,
  "latency_p95_ms": 686.8028499999998,
  "latency_p99_ms": 1282.2125939999978,
  "latency_mean_ms": 184.76850682634733,
  "latency_mean_ci95_lo_ms": 168.96860880838324,
  "latency_mean_ci95_hi_ms": 201.3432210508982,
  "cpu_utilization_percent": 10.746237837720562,
  "rss_peak_mb": 71.51171875,
  "kem_failures": 0,
  "aes_failures": 0,
  "correctness_sample_n": 100,
  "correctness_sample_kem_failures": 0,
  "correctness_sample_aes_failures": 0,
  "max_bytes_per_file": 0,
  "kem_alg": "ML-KEM-1024",
  "kind_binaries_files": 153,
  "kind_binaries_bytes": 25769803776,
  "kind_binaries_throughput_mb_s": 307.3139285720274,
  "kind_other_files": 105,
  "kind_other_bytes": 8589934592,
  "kind_other_throughput_mb_s": 290.82328977658153,
  "kind_text_files": 577,
  "kind_text_bytes": 8589934667,
  "kind_text_throughput_mb_s": 177.53485131926766
}