{
  "dataset_id": "D2",
  "run_id": "D2_r1",
  "data_dir": "data\\user_data\\D2",
  "n_files": 23785,
  "bytes_total_on_disk": 16106384664,
  "bytes_processed": 16106384664,
  "processed_gb": 15.000239633023739,
  "wall_s": 1031.4436883999733,
  "t_bytes_mb_s": 14.891986404070089,
  "t_files_s": 23.059911333498462,
  "latency_p50_ms": 39.153600000000004,
  "latency_p95_ms": 51.629239999999996,
  "latency_p99_ms": 78.01164399999999,
  "latency_mean_ms": 41.25686578936304,
  "latency_mean_ci95_lo_ms": 41.078650754992644,
  "latency_mean_ci95_hi_ms": 41.4447858752365,
  "cpu_utilization_percent": 11.713330316405,
  "rss_peak_mb": 101.84765625,
  "kem_failures": 0,
  "aes_failures": 0,
  "correctness_sample_n": 100,
  "correctness_sample_kem_failures": 0,
  "correctness_sample_aes_failures": 0,
  "max_bytes_per_file": 0,
  "kem_alg": "ML-KEM-1024",
  "kind_images_files": 23263,
  "kind_images_bytes": 6442708223,
  "kind_images_throughput_mb_s": 6.573666221240232,
  "kind_other_files": 40,
  "kind_other_bytes": 3221225472,
  "kind_other_throughput_mb_s": 289.23560819116375,
  "kind_text_files": 482,
  "kind_text_bytes": 6442450969,
  "kind_text_throughput_mb_s": 170.67679936749406
}