{
  "dataset_id": "D2",
  "run_id": "D2_r2",
  "data_dir": "data\\user_data\\D2",
  "n_files": 23785,
  "bytes_total_on_disk": 16106384664,
  "bytes_processed": 16106384664,
  "processed_gb": 15.000239633023739,
  "wall_s": 3301.7857926000142,
  "t_bytes_mb_s": 4.652102331605461,
  "t_files_s": 7.203677492739569,
  "latency_p50_ms": 42.5814,
  "latency_p95_ms": 92.24301999999999,
  "latency_p99_ms": 131.85365599999997,
  "latency_mean_ms": 126.7504092915703,
  "latency_mean_ci95_lo_ms": 50.027130807336555,
  "latency_mean_ci95_hi_ms": 279.94944110258564,
  "cpu_utilization_percent": 4.454679788878057,
  "rss_peak_mb": 101.43359375,
  "kem_failures": 0,
  "aes_failures": 0,
  "correctness_sample_n": 100,
  "correctness_sample_kem_failures": 0,
  "correctness_sample_aes_failures": 0,
  "max_bytes_per_file": 0,
  "kem_alg": "ML-KEM-1024",
  "kind_images_files": 23263,
  "kind_images_bytes": 6442708223,
  "kind_images_throughput_mb_s": 2.0824894450075067,
  "kind_other_files": 40,
  "kind_other_bytes": 3221225472,
  "kind_other_throughput_mb_s": 229.2147545716592,
  "kind_text_files": 482,
  "kind_text_bytes": 6442450969,
  "kind_text_throughput_mb_s": 120.65201100257296
}