{
  "dataset_id": "D2",
  "run_id": "D2_r3",
  "data_dir": "data\\user_data\\D2",
  "n_files": 23785,
  "bytes_total_on_disk": 16106384664,
  "bytes_processed": 16106384664,
  "processed_gb": 15.000239633023739,
  "wall_s": 3310.0651824000524,
  "t_bytes_mb_s": 4.640466135195243,
  "t_files_s": 7.185659100149213,
  "latency_p50_ms": 42.289500000000004,
  "latency_p95_ms": 87.56746,
  "latency_p99_ms": 119.05583999999999,
  "latency_mean_ms": 138.70172414126552,
  "latency_mean_ci95_lo_ms": 49.314926514189615,
  "latency_mean_ci95_hi_ms": 317.212854904877,
  "cpu_utilization_percent": 4.382820601883435,
  "rss_peak_mb": 102.6875,
  "kem_failures": 0,
  "aes_failures": 0,
  "correctness_sample_n": 100,
  "correctness_sample_kem_failures": 0,
  "correctness_sample_aes_failures": 0,
  "max_bytes_per_file": 0,
  "kem_alg": "ML-KEM-1024",
  "kind_images_files": 23263,
  "kind_images_bytes": 6442708223,
  "kind_images_throughput_mb_s": 1.8906322300282963,
  "kind_other_files": 40,
  "kind_other_bytes": 3221225472,
  "kind_other_throughput_mb_s": 279.0412904264476,
  "kind_text_files": 482,
  "kind_text_bytes": 6442450969,
  "kind_text_throughput_mb_s": 160.94291022689788
}