dataset_id,composition_adjusted_throughput_mb_s
D1,382.64298167918577
D2,0.24215338823635477
D3,185.16485427518666
