{
  "dataset_id": "D1",
  "run_id": "D1_r1",
  "data_dir": "data\\user_data\\D1",
  "n_files": 126,
  "bytes_total_on_disk": 4073443180,
  "bytes_processed": 4073443180,
  "processed_gb": 3.793689589947462,
  "wall_s": 19.432399399986025,
  "t_bytes_mb_s": 199.91036928301273,
  "t_files_s": 6.484016585213384,
  "latency_p50_ms": 66.723,
  "latency_p95_ms": 609.32355,
  "latency_p99_ms": 924.644675,
  "latency_mean_ms": 138.63338968253964,
  "latency_mean_ci95_lo_ms": 109.36045176587302,
  "latency_mean_ci95_hi_ms": 171.82447716269843,
  "cpu_utilization_percent": 11.076057596889182,
  "rss_peak_mb": 70.3671875,
  "kem_failures": 0,
  "aes_failures": 0,
  "correctness_sample_n": 100,
  "correctness_sample_kem_failures": 0,
  "correctness_sample_aes_failures": 0,
  "max_bytes_per_file": 0,
  "kem_alg": "ML-KEM-1024",
  "kind_binaries_files": 49,
  "kind_binaries_bytes": 3551850042,
  "kind_binaries_throughput_mb_s": 274.7364917581612,
  "kind_images_files": 75,
  "kind_images_bytes": 521592064,
  "kind_images_throughput_mb_s": 98.31897873718404,
  "kind_other_files": 1,
  "kind_other_bytes": 732,
  "kind_other_throughput_mb_s": 0.017151867903573047,
  "kind_text_files": 1,
  "kind_text_bytes": 342,
  "kind_text_throughput_mb_s": 0.0084781627392355
}