{
  "dataset_id": "D1",
  "run_id": "D1_r2",
  "data_dir": "data\\user_data\\D1",
  "n_files": 126,
  "bytes_total_on_disk": 4073443180,
  "bytes_processed": 4073443180,
  "processed_gb": 3.793689589947462,
  "wall_s": 13.852318999997806,
  "t_bytes_mb_s": 280.4395524032342,
  "t_files_s": 9.095949927230231,
  "latency_p50_ms": 54.04545,
  "latency_p95_ms": 358.318075,
  "latency_p99_ms": 538.909075,
  "latency_mean_ms": 97.42425317460318,
  "latency_mean_ci95_lo_ms": 80.01718980158729,
  "latency_mean_ci95_hi_ms": 116.94665956349205,
  "cpu_utilization_percent": 12.435869041135081,
  "rss_peak_mb": 70.4609375,
  "kem_failures": 0,
  "aes_failures": 0,
  "correctness_sample_n": 100,
  "correctness_sample_kem_failures": 0,
  "correctness_sample_aes_failures": 0,
  "max_bytes_per_file": 0,
  "kem_alg": "ML-KEM-1024",
  "kind_binaries_files": 49,
  "kind_binaries_bytes": 3551850042,
  "kind_binaries_throughput_mb_s": 413.75601508977127,
  "kind_images_files": 75,
  "kind_images_bytes": 521592064,
  "kind_images_throughput_mb_s": 124.0594805088749,
  "kind_other_files": 1,
  "kind_other_bytes": 732,
  "kind_other_throughput_mb_s": 0.018991656159372733,
  "kind_text_files": 1,
  "kind_text_bytes": 342,
  "kind_text_throughput_mb_s": 0.007697964941772264
}