{
  "dataset_id": "D1",
  "run_id": "D1_r3",
  "data_dir": "data\\user_data\\D1",
  "n_files": 126,
  "bytes_total_on_disk": 4073443180,
  "bytes_processed": 4073443180,
  "processed_gb": 3.793689589947462,
  "wall_s": 13.580096600053366,
  "t_bytes_mb_s": 286.0611565967016,
  "t_files_s": 9.278284515259255,
  "latency_p50_ms": 52.600049999999996,
  "latency_p95_ms": 353.349775,
  "latency_p99_ms": 511.94055000000003,
  "latency_mean_ms": 95.60088571428572,
  "latency_mean_ci95_lo_ms": 78.95765587301587,
  "latency_mean_ci95_hi_ms": 114.29150686507934,
  "cpu_utilization_percent": 12.411891642901688,
  "rss_peak_mb": 70.47265625,
  "kem_failures": 0,
  "aes_failures": 0,
  "correctness_sample_n": 100,
  "correctness_sample_kem_failures": 0,
  "correctness_sample_aes_failures": 0,
  "max_bytes_per_file": 0,
  "kem_alg": "ML-KEM-1024",
  "kind_binaries_files": 49,
  "kind_binaries_bytes": 3551850042,
  "kind_binaries_throughput_mb_s": 420.1236994567664,
  "kind_images_files": 75,
  "kind_images_bytes": 521592064,
  "kind_images_throughput_mb_s": 127.4138720779058,
  "kind_other_files": 1,
  "kind_other_bytes": 732,
  "kind_other_throughput_mb_s": 0.017893998067526434,
  "kind_text_files": 1,
  "kind_text_bytes": 342,
  "kind_text_throughput_mb_s": 0.008151164387292726
}